SK_ID_CURR,NAME_CONTRACT_TYPE,CODE_GENDER,FLAG_OWN_CAR,FLAG_OWN_REALTY,CNT_CHILDREN,AMT_INCOME_TOTAL,AMT_CREDIT,TARGET
100002,Cash loans,M,N,Y,0,202500.0,406597.5,1
100003,Cash loans,F,N,N,0,270000.0,1293502.5,0
100004,Revolving loans,M,Y,Y,0,67500.0,135000.0,0
100006,Cash loans,F,N,Y,0,135000.0,312682.5,0
100007,Cash loans,M,N,Y,0,121500.0,513000.0,0
100008,Cash loans,M,N,Y,0,99000.0,490495.5,0
100009,Cash loans,F,Y,Y,1,171000.0,1560726.0,0
100010,Cash loans,M,Y,Y,0,360000.0,1530000.0,0
100011,Cash loans,F,N,Y,0,112500.0,1019610.0,0
100012,Revolving loans,M,N,Y,0,135000.0,405000.0,0
100014,Cash loans,F,N,Y,1,112500.0,652500.0,0
100015,Cash loans,F,N,Y,0,38419.155,148365.0,0
100016,Cash loans,F,N,Y,0,67500.0,80865.0,0
100017,Cash loans,M,Y,N,1,225000.0,918468.0,0
100018,Cash loans,F,N,Y,0,189000.0,773680.5,0
100019,Cash loans,M,Y,Y,0,157500.0,299772.0,0
100020,Cash loans,M,N,N,0,108000.0,509602.5,0
100021,Revolving loans,F,N,Y,1,81000.0,270000.0,0
100022,Revolving loans,F,N,Y,0,112500.0,157500.0,0
100023,Cash loans,F,N,Y,1,90000.0,544491.0,0
100024,Revolving loans,M,Y,Y,0,135000.0,427500.0,0
100025,Cash loans,F,Y,Y,1,202500.0,1132573.5,0
100026,Cash loans,F,N,N,1,450000.0,497520.0,0
100027,Cash loans,F,N,Y,0,83250.0,239850.0,0
100029,Cash loans,M,Y,N,2,135000.0,247500.0,0
100030,Cash loans,F,N,Y,0,90000.0,225000.0,0
100031,Cash loans,F,N,Y,0,112500.0,979992.0,1
100032,Cash loans,M,N,Y,1,112500.0,327024.0,0
100033,Cash loans,M,Y,Y,0,270000.0,790830.0,0
100034,Revolving loans,M,N,Y,0,90000.0,180000.0,0
100035,Cash loans,F,N,Y,0,292500.0,665892.0,0
100036,Cash loans,F,N,Y,0,112500.0,512064.0,0
100037,Cash loans,F,N,N,0,90000.0,199008.0,0
100039,Cash loans,M,Y,N,1,360000.0,733315.5,0
100040,Cash loans,F,N,Y,0,135000.0,1125000.0,0
100041,Cash loans,F,N,N,0,112500.0,450000.0,0
100043,Cash loans,F,N,Y,2,198000.0,641173.5,0
100044,Cash loans,M,N,Y,0,121500.0,454500.0,0
100045,Cash loans,F,N,Y,0,99000.0,247275.0,0
100046,Revolving loans,M,Y,Y,0,180000.0,540000.0,0
100047,Cash loans,M,N,Y,0,202500.0,1193580.0,1
100048,Cash loans,F,N,Y,0,202500.0,604152.0,0
100049,Cash loans,F,N,N,0,135000.0,288873.0,1
100050,Cash loans,F,N,Y,0,108000.0,746280.0,0
100051,Cash loans,M,N,Y,0,202500.0,661702.5,0
100052,Revolving loans,F,N,Y,1,90000.0,180000.0,0
100053,Cash loans,F,N,Y,0,202500.0,305221.5,0
100054,Cash loans,F,N,Y,0,99000.0,260640.0,0
100055,Cash loans,F,N,N,0,130500.0,1350000.0,0
100056,Cash loans,M,Y,Y,0,360000.0,1506816.0,0
100058,Revolving loans,F,N,Y,0,54000.0,135000.0,0
100059,Cash loans,M,Y,Y,1,540000.0,675000.0,0
100060,Cash loans,M,Y,N,0,76500.0,454500.0,0
100061,Cash loans,F,N,Y,2,225000.0,314055.0,0
100062,Cash loans,M,Y,N,0,81000.0,675000.0,0
100063,Cash loans,F,N,Y,0,180000.0,837427.5,0
100064,Cash loans,F,N,N,0,67500.0,298728.0,0
100068,Revolving loans,M,N,Y,0,81000.0,247500.0,0
100069,Cash loans,M,Y,Y,1,360000.0,640458.0,0
100070,Cash loans,M,Y,Y,0,540000.0,1227901.5,0
100071,Cash loans,F,N,Y,0,180000.0,1663987.5,0
100072,Cash loans,M,N,N,0,180000.0,1080000.0,0
100073,Cash loans,M,Y,Y,0,324000.0,1130760.0,0
100075,Cash loans,F,N,N,0,112500.0,95940.0,0
100076,Cash loans,M,Y,N,0,180000.0,315000.0,0
100077,Cash loans,M,N,Y,0,180000.0,1256400.0,0
100078,Cash loans,F,Y,Y,0,180000.0,1035000.0,0
100079,Revolving loans,M,N,Y,0,225000.0,270000.0,0
100080,Revolving loans,F,N,N,1,157500.0,450000.0,0
100081,Cash loans,M,Y,N,0,180000.0,450000.0,0
100082,Cash loans,M,N,N,2,180000.0,450000.0,0
100083,Cash loans,M,Y,Y,0,103500.0,573628.5,0
100084,Cash loans,M,N,Y,2,225000.0,495351.0,0
100085,Cash loans,M,N,Y,1,157500.0,755190.0,0
100086,Cash loans,F,N,Y,1,135000.0,675000.0,0
100087,Cash loans,F,N,Y,1,202500.0,1288350.0,0
100088,Revolving loans,F,N,N,0,112500.0,135000.0,0
100089,Cash loans,M,N,Y,0,135000.0,337761.0,0
100093,Cash loans,F,N,Y,1,94500.0,585000.0,0
100094,Cash loans,F,N,Y,0,108000.0,113760.0,0
100095,Revolving loans,F,N,Y,2,67500.0,135000.0,0
100096,Cash loans,F,N,Y,0,81000.0,252000.0,1
100097,Cash loans,M,Y,Y,0,157500.0,760225.5,0
100098,Revolving loans,M,Y,N,0,225000.0,270000.0,0
100099,Cash loans,F,N,Y,0,360000.0,733315.5,0
100100,Cash loans,M,Y,Y,2,202500.0,796396.5,0
100101,Cash loans,F,Y,Y,0,202500.0,343377.0,0
100102,Cash loans,F,N,N,1,126000.0,327024.0,0
100103,Cash loans,F,N,Y,0,72000.0,450000.0,0
100104,Cash loans,F,N,Y,0,90000.0,547344.0,0
100105,Cash loans,F,N,Y,0,193500.0,225000.0,0
100108,Cash loans,F,N,Y,3,171000.0,545040.0,0
100110,Cash loans,M,Y,Y,3,135000.0,373140.0,0
100111,Cash loans,F,Y,N,1,112500.0,862560.0,0
100112,Cash loans,M,Y,Y,0,315000.0,953460.0,1
100113,Cash loans,M,Y,N,0,76500.0,135000.0,0
100114,Cash loans,F,N,Y,0,135000.0,284400.0,0
100115,Cash loans,F,N,N,0,90000.0,315000.0,0
100116,Cash loans,F,N,Y,0,243000.0,900000.0,0
100118,Cash loans,F,N,Y,0,90000.0,675000.0,0
100119,Revolving loans,F,N,Y,0,54000.0,180000.0,0
100120,Cash loans,F,N,N,0,135000.0,781920.0,0
100121,Cash loans,M,N,Y,0,126000.0,787131.0,0
100122,Cash loans,F,N,N,1,76500.0,808650.0,0
100123,Cash loans,F,N,N,0,103500.0,675000.0,0
100124,Cash loans,M,N,Y,0,225000.0,448272.0,0
100125,Cash loans,F,N,N,0,126000.0,263686.5,0
100126,Revolving loans,M,N,Y,2,135000.0,180000.0,0
100127,Cash loans,M,N,Y,0,112500.0,52128.0,0
100129,Revolving loans,F,Y,Y,1,85500.0,135000.0,0
100130,Cash loans,F,N,Y,1,157500.0,723996.0,1
100131,Cash loans,F,N,Y,0,270000.0,891072.0,0
100132,Cash loans,F,N,Y,0,202500.0,1136439.0,0
100133,Cash loans,F,N,N,0,67500.0,384048.0,0
100134,Revolving loans,F,N,N,0,202500.0,180000.0,0
100135,Cash loans,M,N,Y,0,135000.0,391194.0,0
100136,Cash loans,M,Y,N,1,157500.0,1571931.0,0
100137,Cash loans,F,Y,Y,0,225000.0,891072.0,0
100138,Cash loans,M,Y,N,0,135000.0,824823.0,0
100139,Cash loans,F,N,N,1,157500.0,302341.5,0
100140,Revolving loans,F,N,N,0,157500.0,675000.0,0
100142,Cash loans,M,Y,Y,1,360000.0,579195.0,0
100143,Revolving loans,M,N,Y,0,162000.0,270000.0,0
100144,Cash loans,F,N,N,0,112500.0,535500.0,0
100145,Cash loans,F,Y,Y,1,202500.0,260725.5,0
100146,Cash loans,M,Y,Y,0,117000.0,327024.0,0
100147,Cash loans,F,N,Y,1,135000.0,518562.0,0
100148,Cash loans,F,N,Y,0,247500.0,755190.0,0
100149,Cash loans,M,Y,N,0,171000.0,539590.5,0
100151,Cash loans,M,N,N,0,135000.0,182016.0,0
100152,Cash loans,F,N,Y,0,157500.0,254412.0,0
100153,Cash loans,M,Y,Y,0,202500.0,1107981.0,0
100154,Revolving loans,M,N,N,0,144000.0,180000.0,0
100155,Cash loans,M,N,N,0,157500.0,675000.0,0
100156,Cash loans,F,Y,N,2,157500.0,945000.0,0
100157,Cash loans,M,N,Y,0,180000.0,1755000.0,0
100158,Cash loans,M,N,N,0,180000.0,590337.0,0
100159,Cash loans,F,N,Y,0,225000.0,1515415.5,0
100160,Cash loans,M,N,Y,0,292500.0,675000.0,1
100161,Cash loans,F,N,Y,0,90000.0,370629.0,0
100162,Cash loans,F,N,Y,0,112500.0,547344.0,0
100163,Cash loans,F,N,Y,0,130500.0,550489.5,0
100164,Cash loans,F,Y,N,1,450000.0,407434.5,0
100165,Cash loans,F,Y,Y,0,175500.0,1293502.5,0
100166,Cash loans,F,N,Y,3,58500.0,152820.0,0
100167,Cash loans,F,N,Y,0,180000.0,427500.0,0
100173,Cash loans,F,N,N,0,117000.0,781920.0,0
100174,Revolving loans,F,N,Y,2,180000.0,225000.0,0
100175,Cash loans,F,N,Y,1,202500.0,1251072.0,0
100176,Cash loans,F,N,Y,0,135000.0,1078200.0,0
100177,Cash loans,M,N,N,1,112500.0,312682.5,0
100178,Cash loans,F,N,Y,0,119250.0,679500.0,0
100179,Cash loans,F,Y,N,0,202500.0,675000.0,0
100180,Cash loans,F,N,Y,1,315000.0,1288350.0,0
100181,Cash loans,F,N,Y,0,157500.0,245619.0,1
100182,Revolving loans,F,N,Y,1,112500.0,135000.0,0
100183,Cash loans,F,N,Y,0,103500.0,239850.0,0
100185,Cash loans,M,N,Y,0,58500.0,187704.0,0
100186,Cash loans,F,N,Y,0,117000.0,269550.0,0
100188,Cash loans,F,N,N,1,225000.0,1325475.0,0
100189,Cash loans,F,N,Y,0,135000.0,263844.0,0
100190,Cash loans,M,Y,N,0,162000.0,263686.5,0
100191,Cash loans,F,N,Y,0,112500.0,544491.0,0
100192,Cash loans,F,N,N,0,111915.0,225000.0,1
100193,Cash loans,F,Y,N,0,225000.0,296280.0,0
100194,Revolving loans,F,N,Y,2,157500.0,315000.0,0
100195,Cash loans,M,Y,Y,0,90000.0,336150.0,0
100196,Cash loans,F,Y,Y,0,164250.0,755190.0,0
100197,Cash loans,F,N,N,2,157500.0,497520.0,0
100198,Cash loans,M,Y,Y,1,135000.0,531000.0,0
100199,Cash loans,F,N,Y,0,112500.0,269550.0,0
100200,Cash loans,F,N,N,0,216000.0,450000.0,0
100201,Cash loans,F,N,Y,1,180000.0,675000.0,0
100202,Cash loans,F,N,N,0,67500.0,127350.0,0
100203,Cash loans,F,N,N,0,54000.0,119925.0,0
100204,Cash loans,F,N,Y,1,81000.0,532494.0,0
100205,Cash loans,F,N,Y,0,63000.0,808650.0,0
100206,Cash loans,M,Y,N,1,157500.0,318528.0,0
100207,Cash loans,F,N,Y,0,157500.0,700830.0,0
100208,Cash loans,M,N,N,1,180000.0,888840.0,0
100209,Revolving loans,M,N,Y,3,180000.0,540000.0,1
100210,Cash loans,F,N,Y,1,202500.0,771493.5,0
100211,Cash loans,M,N,N,3,225000.0,746280.0,0
100213,Cash loans,F,N,N,2,49500.0,278460.0,0
100214,Cash loans,F,N,Y,1,202500.0,436032.0,1
100215,Cash loans,F,Y,N,0,90000.0,227520.0,0
100216,Cash loans,F,N,N,0,90000.0,67500.0,0
100217,Cash loans,F,N,N,0,180000.0,254700.0,0
100218,Cash loans,M,Y,Y,0,337500.0,876078.0,0
100219,Cash loans,M,N,Y,1,315000.0,2250000.0,0
100220,Cash loans,F,N,Y,0,225000.0,1040985.0,0
100221,Cash loans,F,N,Y,0,225000.0,684054.0,0
100224,Cash loans,F,Y,Y,2,225000.0,1256400.0,0
100225,Cash loans,M,Y,N,2,157500.0,720000.0,0
100226,Revolving loans,F,N,N,2,112500.0,270000.0,0
100227,Cash loans,M,N,N,0,292500.0,1024740.0,0
100228,Cash loans,F,N,N,1,121500.0,1102500.0,0
100229,Cash loans,F,N,Y,0,157500.0,544491.0,0
100230,Revolving loans,F,N,N,0,135000.0,405000.0,0
100231,Cash loans,M,Y,Y,1,108000.0,912240.0,0
100233,Cash loans,F,N,Y,0,216000.0,679671.0,0
100234,Revolving loans,F,N,N,0,67500.0,180000.0,0
100235,Cash loans,F,N,Y,0,135000.0,364896.0,0
100236,Cash loans,M,Y,Y,0,112500.0,312768.0,0
100237,Cash loans,F,N,N,2,144000.0,1288350.0,0
100238,Cash loans,M,Y,Y,2,135000.0,781920.0,0
100239,Cash loans,F,N,Y,1,225000.0,1483231.5,0
100240,Cash loans,M,N,Y,2,135000.0,590337.0,0
100242,Cash loans,M,Y,Y,0,90000.0,101880.0,0
100243,Cash loans,M,N,Y,0,112500.0,161730.0,0
100244,Cash loans,M,N,N,1,247500.0,447768.0,0
100246,Cash loans,F,N,Y,0,135000.0,495216.0,1
100247,Cash loans,F,N,Y,0,225000.0,402939.0,0
100248,Cash loans,F,N,Y,0,90000.0,808650.0,0
100249,Cash loans,F,N,Y,2,67500.0,76410.0,0
100250,Cash loans,F,Y,N,1,72000.0,90000.0,0
100251,Cash loans,M,Y,Y,0,202500.0,270000.0,0
100252,Cash loans,F,N,Y,0,225000.0,490495.5,0
100254,Cash loans,M,Y,Y,0,292500.0,1078200.0,0
100255,Cash loans,M,Y,Y,0,315000.0,824544.0,0
100257,Cash loans,F,N,Y,0,90000.0,312768.0,0
100258,Cash loans,F,N,Y,0,135000.0,81000.0,0
100259,Cash loans,M,Y,Y,0,180000.0,427500.0,0
100260,Cash loans,M,N,Y,0,180000.0,180000.0,0
100261,Cash loans,F,N,Y,0,90000.0,522000.0,0
100262,Cash loans,M,Y,Y,0,315000.0,1575000.0,0
100263,Cash loans,F,N,Y,0,108000.0,585000.0,0
100264,Cash loans,F,N,Y,0,121500.0,1215000.0,0
100265,Cash loans,F,N,Y,0,112500.0,723996.0,0
100266,Cash loans,F,N,N,0,157500.0,1256400.0,0
100267,Cash loans,M,N,Y,0,225000.0,675000.0,0
100268,Cash loans,F,N,N,0,85500.0,225000.0,0
100269,Cash loans,M,N,Y,0,180000.0,427450.5,0
100270,Revolving loans,F,N,Y,0,90000.0,337500.0,0
100272,Revolving loans,F,N,Y,1,135000.0,180000.0,0
100273,Cash loans,F,N,Y,0,157500.0,1710000.0,1
100274,Cash loans,M,Y,Y,0,308250.0,1305000.0,0
100275,Cash loans,F,Y,Y,0,108000.0,646920.0,0
100276,Cash loans,F,Y,Y,0,135000.0,497520.0,0
100277,Cash loans,M,Y,N,0,67500.0,364896.0,0
100279,Cash loans,M,N,Y,0,180000.0,254700.0,0
100281,Cash loans,F,N,Y,1,112500.0,675000.0,0
100282,Revolving loans,F,Y,Y,0,73341.0,135000.0,1
100283,Cash loans,F,N,Y,0,135000.0,747000.0,0
100284,Cash loans,M,Y,Y,2,180000.0,675000.0,0
100285,Revolving loans,F,N,Y,0,112500.0,180000.0,0
100286,Cash loans,M,Y,Y,1,121500.0,263686.5,1
100287,Cash loans,F,N,Y,0,202500.0,225000.0,0
100288,Cash loans,F,N,N,0,157500.0,450000.0,0
100289,Cash loans,M,Y,N,0,202500.0,526491.0,0
100290,Cash loans,M,N,N,0,135000.0,224136.0,0
100291,Cash loans,F,N,N,1,153000.0,292500.0,0
100292,Cash loans,F,N,Y,0,202500.0,675000.0,0
100293,Cash loans,F,N,Y,0,202500.0,1271281.5,0
100294,Cash loans,F,N,Y,0,157500.0,835380.0,0
100295,Cash loans,M,Y,N,1,225000.0,1019205.0,1
100296,Cash loans,M,N,Y,1,225000.0,223884.0,0
100297,Cash loans,M,Y,N,0,135000.0,334152.0,0
100298,Cash loans,F,N,Y,0,270000.0,473760.0,0
100299,Revolving loans,F,N,Y,0,112500.0,540000.0,0
100300,Cash loans,M,N,N,0,63000.0,426645.0,1
100301,Cash loans,M,N,Y,1,112500.0,571486.5,1
100302,Cash loans,F,N,Y,0,180000.0,187704.0,0
100303,Cash loans,F,N,Y,0,292500.0,254700.0,0
100304,Revolving loans,F,N,Y,0,225000.0,675000.0,0
100305,Cash loans,M,Y,Y,0,135000.0,237024.0,0
100307,Cash loans,M,N,Y,0,225000.0,451804.5,0
100308,Cash loans,M,N,N,0,157500.0,208512.0,0
100309,Cash loans,F,N,Y,0,157500.0,263686.5,0
100310,Cash loans,M,N,N,0,180000.0,1071000.0,0
100313,Cash loans,F,N,Y,0,87750.0,1206954.0,0
100314,Cash loans,M,N,N,2,292500.0,239850.0,0
100315,Cash loans,F,Y,Y,1,121500.0,288873.0,0
100316,Cash loans,F,N,Y,0,67500.0,622413.0,0
100317,Cash loans,F,N,Y,0,180000.0,630000.0,0
100318,Cash loans,F,N,N,0,90000.0,381528.0,0
100319,Cash loans,F,N,Y,1,135000.0,781920.0,0
100320,Cash loans,M,Y,Y,0,225000.0,481855.5,0
100321,Cash loans,M,Y,N,1,270000.0,521280.0,0
100322,Cash loans,M,Y,Y,2,225000.0,254700.0,0
100323,Cash loans,M,Y,Y,0,450000.0,1575000.0,0
100324,Cash loans,F,Y,Y,1,112500.0,152820.0,0
100325,Cash loans,F,N,Y,0,135000.0,640080.0,0
100326,Cash loans,M,Y,Y,0,36000.0,284400.0,1
100327,Cash loans,M,Y,Y,0,180000.0,407727.0,0
100328,Cash loans,F,N,N,1,171000.0,1270746.0,0
100329,Cash loans,F,Y,Y,0,135000.0,247275.0,0
100332,Cash loans,F,N,Y,0,157500.0,545040.0,0
100333,Cash loans,F,N,Y,0,382500.0,450000.0,0
100334,Cash loans,M,N,Y,0,90000.0,101880.0,0
100335,Cash loans,F,N,Y,0,63000.0,675000.0,0
100336,Cash loans,F,Y,Y,0,157500.0,497520.0,1
100337,Cash loans,F,N,Y,0,270000.0,545040.0,0
100338,Cash loans,F,N,N,0,270000.0,630000.0,0
100339,Revolving loans,M,N,Y,0,166500.0,495000.0,0
100340,Cash loans,F,N,N,2,202500.0,787131.0,0
100341,Cash loans,M,Y,Y,0,76500.0,545040.0,0
100342,Cash loans,M,N,N,0,90000.0,101880.0,0
100343,Cash loans,M,Y,Y,0,315000.0,90000.0,0
100344,Cash loans,M,N,N,0,112500.0,225000.0,0
100345,Cash loans,F,N,N,0,157500.0,450000.0,0
100346,Cash loans,F,N,Y,0,180000.0,582804.0,0
100347,Cash loans,F,N,N,0,81000.0,640080.0,0
100348,Cash loans,F,N,N,0,135000.0,1223010.0,0
100349,Cash loans,F,N,N,0,108000.0,364896.0,0
100350,Cash loans,F,N,Y,0,112500.0,481495.5,0
100351,Cash loans,F,N,N,0,69750.0,675000.0,0
100353,Cash loans,F,N,Y,0,81000.0,536917.5,0
100354,Revolving loans,F,N,Y,1,112500.0,135000.0,0
100355,Cash loans,M,N,Y,0,315000.0,946503.0,0
100356,Cash loans,F,N,Y,0,180000.0,188685.0,0
100357,Revolving loans,F,N,Y,0,225000.0,180000.0,0
100359,Cash loans,M,Y,Y,1,112500.0,226908.0,0
100360,Revolving loans,F,N,N,0,67500.0,202500.0,0
100361,Cash loans,M,N,Y,0,270000.0,1800000.0,0
100362,Cash loans,F,N,Y,1,157500.0,807984.0,0
100363,Cash loans,F,Y,Y,1,360000.0,493497.0,0
100364,Cash loans,F,N,N,0,315000.0,1024290.0,0
100365,Cash loans,F,N,Y,0,247500.0,517788.0,0
100366,Revolving loans,M,Y,Y,0,765000.0,1350000.0,0
100368,Cash loans,F,N,Y,0,166500.0,675000.0,0
100369,Cash loans,F,N,Y,0,157500.0,528633.0,0
100370,Cash loans,F,N,Y,0,45000.0,448056.0,0
100371,Cash loans,F,Y,Y,1,450000.0,808650.0,0
100372,Cash loans,F,N,N,0,90000.0,531000.0,0
100373,Cash loans,F,N,N,0,225000.0,906228.0,0
100374,Cash loans,F,Y,Y,2,112500.0,1308964.5,0
100375,Cash loans,M,N,Y,0,180000.0,942300.0,0
100376,Cash loans,M,Y,Y,0,360000.0,254700.0,0
100377,Cash loans,M,N,N,2,157500.0,239850.0,0
100378,Cash loans,F,Y,Y,1,247500.0,808650.0,0
100379,Cash loans,M,Y,Y,0,112500.0,942300.0,0
100380,Cash loans,F,N,Y,0,630000.0,900000.0,0
100381,Cash loans,F,N,N,0,121500.0,302544.0,0
100383,Cash loans,M,Y,N,2,180000.0,640080.0,0
100387,Cash loans,M,Y,Y,2,292500.0,1095817.5,0
100388,Cash loans,F,N,Y,0,99000.0,518562.0,0
100389,Cash loans,M,Y,Y,0,247500.0,1971072.0,0
100390,Cash loans,F,N,N,0,90000.0,555273.0,0
100391,Cash loans,F,N,Y,1,153000.0,808650.0,0
100392,Revolving loans,M,Y,N,2,180000.0,180000.0,0
100393,Cash loans,M,Y,Y,2,405000.0,2250000.0,0
100394,Cash loans,M,N,Y,0,112500.0,178290.0,0
100395,Cash loans,M,Y,Y,0,225000.0,888840.0,0
100396,Cash loans,M,N,N,0,112500.0,417024.0,1
100397,Cash loans,F,N,Y,0,144000.0,1417185.0,0
100398,Cash loans,F,N,Y,0,81000.0,180000.0,0
100400,Cash loans,F,N,N,0,270000.0,536917.5,0
100401,Cash loans,F,N,Y,0,202500.0,343683.0,1
100402,Cash loans,F,N,Y,0,81000.0,276277.5,0
100403,Cash loans,M,Y,Y,0,315000.0,1350000.0,0
100405,Cash loans,M,Y,Y,0,180000.0,450000.0,0
100406,Cash loans,F,N,Y,0,135000.0,468648.0,0
100407,Cash loans,F,N,N,0,157500.0,521280.0,0
100408,Cash loans,F,N,Y,0,81000.0,454500.0,0
100409,Cash loans,M,N,Y,0,112500.0,454500.0,0
100410,Cash loans,F,Y,N,0,180000.0,1258650.0,0
100411,Cash loans,M,Y,N,1,450000.0,1035832.5,0
100412,Cash loans,F,Y,Y,2,135000.0,318528.0,0
100413,Cash loans,M,N,Y,0,90000.0,90000.0,0
100414,Cash loans,F,N,Y,0,112500.0,533304.0,0
100415,Cash loans,F,N,Y,2,112500.0,792162.0,0
100417,Cash loans,F,N,Y,0,180000.0,755190.0,0
100418,Cash loans,F,N,N,0,135000.0,521280.0,0
100419,Cash loans,F,N,Y,0,112500.0,454500.0,0
100420,Cash loans,F,N,Y,3,54000.0,91692.0,0
100421,Cash loans,M,Y,N,0,450000.0,900000.0,0
100423,Cash loans,F,Y,Y,0,472500.0,1327648.5,0
100424,Cash loans,M,N,Y,0,112500.0,117162.0,1
100425,Cash loans,F,Y,Y,2,90000.0,688500.0,0
100427,Cash loans,F,N,N,1,67500.0,450000.0,0
100428,Cash loans,F,Y,Y,0,90000.0,1224990.0,0
100429,Cash loans,M,N,Y,0,180000.0,629325.0,0
100430,Cash loans,F,N,Y,1,90000.0,157914.0,0
100431,Cash loans,F,N,Y,1,157500.0,1724220.0,0
100432,Cash loans,F,N,N,0,90000.0,495000.0,0
100433,Cash loans,F,N,Y,1,157500.0,472500.0,0
100434,Cash loans,F,N,Y,1,202500.0,280170.0,0
100435,Cash loans,F,N,Y,0,112500.0,450000.0,0
100436,Revolving loans,F,N,Y,0,112500.0,405000.0,0
100437,Cash loans,F,N,Y,1,67500.0,817560.0,0
100439,Cash loans,M,N,Y,0,81000.0,312840.0,1
100440,Cash loans,F,N,Y,0,40500.0,127350.0,0
100441,Cash loans,F,N,Y,0,135000.0,269550.0,0
100442,Cash loans,F,N,N,0,148500.0,805536.0,0
100443,Cash loans,F,N,Y,0,144000.0,456273.0,0
100448,Cash loans,F,N,Y,2,202500.0,598486.5,0
100449,Cash loans,F,N,Y,0,157500.0,942300.0,0
100451,Cash loans,F,N,Y,0,144000.0,446931.0,0
100452,Cash loans,M,N,Y,1,171000.0,1009566.0,1
100453,Cash loans,M,Y,N,2,247500.0,521280.0,0
100454,Revolving loans,M,Y,Y,3,607500.0,1350000.0,0
100455,Cash loans,F,Y,Y,2,135000.0,830214.0,0
100456,Cash loans,M,Y,Y,1,211500.0,545040.0,0
100457,Revolving loans,F,Y,Y,0,211500.0,270000.0,0
100458,Cash loans,F,N,N,0,90000.0,808650.0,0
100459,Revolving loans,M,Y,Y,0,270000.0,225000.0,0
100460,Revolving loans,F,N,N,0,315000.0,540000.0,0
100461,Cash loans,F,Y,Y,0,252000.0,288873.0,0
100462,Cash loans,M,N,N,0,111919.5,152820.0,0
100463,Cash loans,F,N,N,0,112500.0,263686.5,0
100464,Cash loans,M,N,N,0,112500.0,345510.0,0
100465,Cash loans,M,N,N,0,135000.0,545040.0,0
100467,Cash loans,F,N,N,0,81000.0,225000.0,0
100468,Cash loans,F,Y,N,0,112500.0,900000.0,0
100469,Revolving loans,M,Y,Y,0,450000.0,1350000.0,0
100470,Cash loans,F,Y,Y,0,225000.0,1345500.0,0
100471,Cash loans,F,Y,Y,1,112500.0,697500.0,0
100472,Cash loans,M,Y,Y,1,135000.0,545040.0,1
100473,Cash loans,M,Y,Y,0,405000.0,1483231.5,0
100474,Revolving loans,M,Y,N,0,450000.0,900000.0,0
100475,Revolving loans,F,Y,Y,0,405000.0,495000.0,0
100476,Cash loans,M,Y,Y,1,225000.0,509922.0,0
100477,Cash loans,M,Y,Y,1,112500.0,284400.0,1
100478,Cash loans,F,N,Y,1,90000.0,393543.0,0
100479,Revolving loans,M,Y,Y,0,90000.0,180000.0,0
100480,Cash loans,M,N,N,0,450000.0,473760.0,0
100481,Revolving loans,M,Y,Y,0,180000.0,540000.0,0
100482,Cash loans,F,Y,Y,0,112500.0,445500.0,0
100485,Revolving loans,M,Y,N,1,270000.0,810000.0,1
100486,Cash loans,F,N,Y,0,58500.0,172021.5,0
100487,Cash loans,M,Y,N,0,121500.0,630747.0,0
100488,Cash loans,F,Y,N,1,270000.0,364896.0,0
100489,Cash loans,M,N,Y,0,90000.0,238500.0,0
100490,Cash loans,M,N,N,0,135000.0,755190.0,1
100491,Cash loans,M,Y,N,0,193500.0,314100.0,0
100492,Cash loans,F,N,Y,3,450000.0,716161.5,0
100493,Cash loans,F,Y,Y,0,270000.0,1288350.0,0
100495,Cash loans,F,Y,N,1,112500.0,832500.0,0
100496,Cash loans,F,N,Y,0,450000.0,1125000.0,0
100497,Revolving loans,M,N,Y,0,135000.0,180000.0,0
100498,Cash loans,M,N,Y,0,112500.0,485190.0,0
100499,Cash loans,F,Y,Y,0,225000.0,678996.0,0
100500,Cash loans,F,N,N,0,202500.0,840951.0,0
100501,Cash loans,M,N,N,1,247500.0,1125000.0,0
100502,Cash loans,F,Y,Y,0,202500.0,485640.0,0
100503,Cash loans,F,N,Y,0,189000.0,876019.5,0
100504,Cash loans,F,N,Y,0,157500.0,187704.0,0
100505,Cash loans,M,Y,Y,3,225000.0,675000.0,0
100506,Cash loans,M,Y,Y,0,112500.0,345645.0,0
100507,Cash loans,M,N,N,1,202500.0,450000.0,0
100508,Cash loans,F,Y,Y,0,450000.0,1971072.0,0
100509,Cash loans,F,N,Y,0,90000.0,339241.5,0
100511,Cash loans,F,N,N,0,85500.0,454500.0,0
100513,Cash loans,F,N,Y,0,180000.0,848745.0,0
100514,Cash loans,M,N,Y,0,270000.0,265306.5,0
100515,Cash loans,F,N,Y,0,157500.0,1032093.0,0
100516,Cash loans,F,N,N,0,157500.0,117000.0,0
100518,Revolving loans,F,N,Y,0,117000.0,202500.0,0
100519,Cash loans,F,N,N,0,112500.0,625536.0,0
100520,Revolving loans,F,N,Y,0,135000.0,270000.0,0
100521,Revolving loans,F,N,N,0,157500.0,225000.0,0
100522,Cash loans,F,Y,Y,1,180000.0,343683.0,0
100523,Cash loans,M,Y,Y,0,225000.0,1096020.0,0
100524,Cash loans,M,N,Y,0,112500.0,284400.0,0
100525,Cash loans,M,N,Y,0,157500.0,215640.0,0
100526,Cash loans,M,Y,N,1,144000.0,90000.0,0
100527,Revolving loans,F,N,N,0,112500.0,270000.0,0
100528,Cash loans,F,N,Y,1,90000.0,675000.0,0
100529,Cash loans,F,N,Y,0,135000.0,269550.0,0
100530,Cash loans,F,Y,Y,0,135000.0,770292.0,0
100531,Cash loans,F,Y,Y,2,112500.0,904500.0,0
100532,Cash loans,M,Y,Y,0,99000.0,277969.5,0
100533,Revolving loans,M,N,Y,0,121500.0,382500.0,0
100534,Cash loans,F,N,N,0,157500.0,256500.0,0
100535,Cash loans,M,Y,N,0,90000.0,225000.0,0
100536,Cash loans,F,Y,Y,2,99000.0,787131.0,0
100537,Cash loans,F,N,Y,1,180000.0,1044724.5,0
100538,Cash loans,M,Y,N,1,157500.0,450000.0,0
100539,Cash loans,M,N,Y,0,184500.0,225000.0,0
100540,Cash loans,F,N,Y,1,157500.0,338832.0,1
100541,Cash loans,F,Y,N,2,180000.0,900000.0,1
100542,Cash loans,F,N,Y,0,112500.0,156339.0,0
100543,Cash loans,F,N,Y,0,157500.0,225000.0,0
100544,Cash loans,F,N,Y,0,96750.0,252000.0,0
100545,Cash loans,F,N,Y,0,144000.0,1012500.0,0
100546,Cash loans,M,N,Y,0,67500.0,508495.5,0
100547,Cash loans,M,Y,N,0,211500.0,450000.0,1
100549,Cash loans,F,N,Y,0,225000.0,545040.0,0
100550,Cash loans,F,Y,Y,0,247500.0,669591.0,0
100554,Cash loans,F,Y,Y,0,225000.0,1125000.0,0
100555,Cash loans,F,N,N,0,112500.0,337500.0,0
100556,Cash loans,F,N,Y,0,58500.0,50940.0,0
100557,Cash loans,F,Y,Y,0,225000.0,1320975.0,0
100558,Revolving loans,M,N,Y,0,157500.0,270000.0,0
100559,Cash loans,F,Y,Y,0,450000.0,2286211.5,0
100560,Cash loans,F,N,N,0,49500.0,225000.0,0
100562,Revolving loans,M,N,Y,1,337500.0,675000.0,0
100563,Cash loans,F,N,Y,0,135000.0,1175314.5,0
100564,Cash loans,M,N,Y,2,180000.0,835380.0,0
100565,Cash loans,F,N,Y,0,112500.0,518562.0,0
100566,Cash loans,F,N,Y,1,117000.0,932643.0,0
100567,Revolving loans,M,Y,Y,0,99000.0,180000.0,1
100570,Cash loans,F,Y,N,0,180000.0,1395000.0,0
100571,Cash loans,M,Y,Y,2,292500.0,983299.5,0
100572,Cash loans,F,N,Y,0,31500.0,314055.0,0
100573,Cash loans,F,Y,N,1,157500.0,961146.0,0
100574,Cash loans,M,Y,Y,0,225000.0,1125000.0,0
100575,Cash loans,M,Y,Y,0,108000.0,247275.0,0
100576,Cash loans,F,N,Y,2,180000.0,225000.0,0
100577,Cash loans,F,N,Y,0,171000.0,555273.0,0
100578,Cash loans,M,N,N,1,135000.0,358443.0,0
100579,Cash loans,M,N,N,2,180000.0,270000.0,0
100580,Cash loans,F,N,Y,0,270000.0,528318.0,0
100581,Cash loans,F,N,Y,0,270000.0,835380.0,0
100582,Cash loans,M,N,Y,0,135000.0,1546020.0,0
100583,Cash loans,M,Y,Y,1,360000.0,343800.0,0
100584,Cash loans,F,N,N,0,139500.0,269550.0,0
100585,Cash loans,M,N,Y,0,126000.0,284400.0,0
100586,Cash loans,F,N,Y,0,85500.0,515529.0,0
100587,Cash loans,F,Y,Y,1,90000.0,117162.0,0
100588,Cash loans,F,N,Y,1,157500.0,679500.0,0
100589,Cash loans,M,N,Y,0,103500.0,302076.0,0
100590,Cash loans,F,Y,N,0,225000.0,478498.5,0
100593,Cash loans,F,Y,Y,0,90000.0,263686.5,0
100594,Cash loans,F,N,Y,0,106398.0,360000.0,0
100595,Cash loans,F,N,Y,0,247500.0,450000.0,0
100596,Cash loans,F,N,Y,0,117000.0,599778.0,0
100597,Cash loans,F,N,Y,0,135000.0,734994.0,0
100598,Cash loans,M,N,Y,0,202500.0,1125000.0,0
100599,Cash loans,M,N,Y,0,315000.0,835380.0,0
100600,Cash loans,F,N,Y,2,112500.0,1237684.5,0
100601,Cash loans,F,N,Y,0,157500.0,284400.0,0
100603,Cash loans,M,N,Y,0,144000.0,442791.0,0
100604,Cash loans,F,N,N,0,180000.0,278460.0,0
100605,Cash loans,F,Y,Y,1,229500.0,1006920.0,0
100606,Cash loans,M,Y,Y,0,225000.0,593010.0,0
100608,Cash loans,F,N,N,0,184500.0,654498.0,0
100609,Cash loans,F,N,Y,0,180000.0,294322.5,0
100610,Cash loans,F,Y,Y,0,292500.0,900000.0,0
100611,Cash loans,F,N,N,0,135000.0,254700.0,0
100612,Cash loans,F,Y,N,0,157500.0,1288350.0,0
100614,Revolving loans,F,N,N,0,90000.0,180000.0,0
100615,Cash loans,F,N,Y,0,180000.0,675000.0,0
100616,Cash loans,M,Y,N,0,225000.0,203760.0,1
100619,Cash loans,F,N,N,0,99000.0,364896.0,0
100620,Cash loans,F,N,Y,0,225000.0,1800000.0,0
100621,Cash loans,M,Y,Y,0,450000.0,1312110.0,0
100623,Cash loans,F,N,Y,0,207000.0,380533.5,0
100624,Cash loans,M,Y,Y,0,99000.0,521280.0,0
100626,Cash loans,F,N,Y,3,337500.0,926136.0,0
100627,Cash loans,F,N,Y,0,162000.0,874152.0,0
100628,Cash loans,F,Y,N,1,121500.0,225000.0,0
100629,Cash loans,F,N,Y,0,112500.0,201024.0,0
100630,Cash loans,F,Y,N,0,202500.0,675000.0,0
100631,Cash loans,F,N,Y,1,135000.0,913500.0,0
100632,Cash loans,M,Y,Y,0,225000.0,732915.0,0
100633,Cash loans,M,Y,Y,1,247500.0,414792.0,0
100634,Cash loans,F,N,Y,0,108000.0,157500.0,0
100635,Cash loans,F,N,Y,0,157500.0,238500.0,0
100636,Cash loans,F,N,Y,0,211500.0,1506816.0,1
100637,Revolving loans,F,N,Y,0,270000.0,765000.0,0
100638,Cash loans,M,Y,Y,0,135000.0,203760.0,0
100639,Cash loans,F,N,Y,0,90000.0,158301.0,0
100640,Cash loans,F,N,Y,2,157500.0,373311.0,0
100641,Cash loans,M,N,Y,0,112500.0,254700.0,1
100642,Cash loans,F,N,Y,0,157500.0,1350000.0,0
100643,Cash loans,F,N,Y,0,90000.0,755190.0,0
100644,Cash loans,F,Y,Y,2,76500.0,119925.0,0
100645,Cash loans,M,Y,N,0,247500.0,900000.0,0
100646,Cash loans,M,Y,Y,0,216000.0,640080.0,1
100647,Revolving loans,F,N,Y,0,99000.0,247500.0,0
100648,Cash loans,M,Y,N,0,67500.0,225000.0,0
100649,Cash loans,F,N,N,2,180000.0,284400.0,1
100650,Cash loans,M,N,N,0,135000.0,808650.0,1
100651,Cash loans,F,Y,N,0,157500.0,634482.0,0
100652,Cash loans,F,Y,Y,0,130500.0,995562.0,0
100653,Cash loans,F,N,Y,1,247500.0,755856.0,0
100654,Cash loans,F,N,Y,2,135000.0,427500.0,0
100655,Revolving loans,M,N,Y,0,112500.0,270000.0,0
100656,Cash loans,F,N,Y,0,54000.0,312768.0,0
100657,Cash loans,F,N,N,0,135000.0,414792.0,0
100658,Cash loans,F,N,N,1,189000.0,215640.0,0
100659,Cash loans,F,N,Y,0,90000.0,603792.0,0
100660,Revolving loans,M,N,Y,2,234000.0,270000.0,0
100661,Cash loans,M,Y,Y,0,202500.0,808650.0,0
100662,Cash loans,F,N,Y,0,67500.0,152685.0,0
100663,Cash loans,F,N,Y,0,112500.0,254700.0,0
100664,Cash loans,M,Y,Y,0,87750.0,314100.0,0
100665,Revolving loans,F,N,Y,2,112500.0,270000.0,0
100666,Cash loans,M,Y,Y,0,135000.0,422451.0,0
100667,Cash loans,M,N,Y,0,45000.0,168102.0,0
100668,Cash loans,F,N,N,1,144000.0,364896.0,0
100669,Cash loans,M,Y,N,0,81000.0,670500.0,0
100670,Cash loans,F,N,Y,0,112500.0,381528.0,0
100671,Cash loans,F,N,Y,1,135000.0,900000.0,0
100672,Cash loans,M,N,Y,0,112500.0,808650.0,1
100673,Cash loans,M,Y,N,1,225000.0,942300.0,0
100674,Cash loans,F,Y,Y,0,157500.0,900000.0,0
100675,Cash loans,M,Y,Y,0,202500.0,1125000.0,0
100676,Cash loans,M,Y,N,0,121500.0,1223010.0,0
100678,Cash loans,F,Y,Y,2,184500.0,1078200.0,0
100679,Cash loans,F,N,Y,0,72000.0,384048.0,0
100680,Cash loans,F,N,Y,0,90000.0,254700.0,0
100681,Cash loans,F,Y,N,0,180000.0,526491.0,0
100682,Cash loans,M,N,Y,0,90000.0,279000.0,0
100683,Revolving loans,M,Y,Y,0,157500.0,270000.0,0
100684,Cash loans,M,Y,N,0,225000.0,991944.0,0
100685,Cash loans,M,N,N,0,265500.0,360000.0,0
100686,Cash loans,F,N,N,0,135000.0,1125000.0,0
100687,Cash loans,M,Y,Y,0,243000.0,631332.0,0
100688,Cash loans,F,N,Y,2,135000.0,167121.0,0
100689,Cash loans,F,N,Y,0,63000.0,528633.0,0
100690,Cash loans,F,N,Y,1,135000.0,244998.0,1
100691,Revolving loans,M,N,Y,2,225000.0,585000.0,0
100692,Cash loans,F,N,Y,0,81000.0,90000.0,0
100693,Cash loans,F,N,Y,3,90000.0,808650.0,0
100694,Revolving loans,M,N,Y,1,180000.0,450000.0,0
100695,Cash loans,F,N,Y,0,135000.0,1219500.0,0
100696,Cash loans,M,Y,Y,0,360000.0,675000.0,0
100697,Cash loans,F,N,Y,0,225000.0,495985.5,0
100698,Cash loans,M,N,Y,0,157500.0,477000.0,0
100700,Cash loans,F,N,N,0,157500.0,526491.0,0
100701,Cash loans,F,N,Y,0,67500.0,495000.0,0
100703,Cash loans,F,Y,Y,0,112500.0,225000.0,0
100704,Cash loans,F,N,N,0,90000.0,760500.0,0
100705,Cash loans,M,N,Y,0,90000.0,490536.0,0
100706,Cash loans,F,N,Y,0,180000.0,533668.5,0
100707,Cash loans,M,N,Y,3,135000.0,1160973.0,0
100708,Cash loans,F,N,Y,0,135000.0,808650.0,0
100709,Cash loans,M,Y,Y,2,157500.0,225000.0,0
100710,Cash loans,M,Y,Y,0,180000.0,439740.0,0
100712,Cash loans,M,N,N,2,540000.0,1575000.0,0
100713,Cash loans,F,N,Y,0,180000.0,755190.0,1
100714,Cash loans,F,N,Y,0,99000.0,548770.5,1
100715,Cash loans,M,Y,Y,0,126000.0,337500.0,0
100716,Cash loans,F,Y,N,1,135000.0,761067.0,0
100717,Cash loans,M,N,Y,0,135000.0,284400.0,1
100718,Cash loans,F,N,Y,2,234000.0,360000.0,0
100719,Cash loans,F,Y,Y,0,292500.0,746280.0,0
100720,Cash loans,F,N,Y,1,90000.0,135000.0,0
100721,Cash loans,F,Y,Y,1,216000.0,868500.0,0
100722,Cash loans,M,Y,Y,0,540000.0,545040.0,0
100723,Cash loans,F,Y,N,1,202500.0,227520.0,0
100724,Cash loans,F,N,Y,2,112500.0,312768.0,0
100725,Cash loans,F,Y,Y,1,112500.0,1223010.0,0
100726,Cash loans,M,Y,N,0,202500.0,450000.0,0
100727,Cash loans,F,Y,Y,0,112500.0,284400.0,0
100728,Cash loans,F,N,N,0,112500.0,555273.0,0
100730,Cash loans,F,N,Y,1,315000.0,1971072.0,0
100731,Revolving loans,F,Y,Y,1,112500.0,270000.0,0
100732,Cash loans,F,N,Y,0,225000.0,450000.0,0
100733,Cash loans,F,N,N,0,157500.0,450000.0,0
100734,Cash loans,F,Y,Y,1,157500.0,1218375.0,0
100735,Cash loans,F,Y,Y,1,292500.0,720000.0,0
100736,Cash loans,M,Y,N,0,112500.0,1080000.0,0
100737,Cash loans,F,N,Y,0,112500.0,247275.0,0
100738,Revolving loans,F,N,Y,2,135000.0,180000.0,0
100739,Revolving loans,F,N,Y,2,216000.0,337500.0,0
100741,Cash loans,M,Y,Y,0,90000.0,284400.0,0
100742,Cash loans,F,N,Y,0,108000.0,390960.0,0
100743,Cash loans,F,N,Y,0,38250.0,47970.0,0
100746,Revolving loans,M,Y,Y,0,171000.0,495000.0,0
100748,Cash loans,F,Y,Y,1,103500.0,270000.0,0
100749,Cash loans,F,N,N,0,171000.0,679500.0,0
100750,Cash loans,F,N,Y,0,121500.0,472500.0,0
100755,Cash loans,F,N,Y,0,90000.0,107820.0,0
100756,Cash loans,F,N,Y,0,202500.0,247675.5,0
100757,Cash loans,F,N,N,0,180000.0,675000.0,0
100758,Cash loans,F,N,Y,1,157500.0,448056.0,0
100759,Cash loans,M,Y,N,2,202500.0,938304.0,0
100761,Cash loans,F,N,N,0,225000.0,225000.0,0
100764,Revolving loans,M,Y,Y,0,135000.0,180000.0,0
100766,Cash loans,M,Y,Y,2,126000.0,157050.0,0
100767,Cash loans,M,N,Y,0,157500.0,808650.0,0
100768,Cash loans,M,Y,N,0,112500.0,277969.5,0
100769,Cash loans,M,N,Y,2,247500.0,805500.0,0
100771,Cash loans,M,N,Y,1,288000.0,1971072.0,0
100773,Cash loans,F,N,Y,0,112500.0,254700.0,0
100774,Cash loans,F,N,Y,0,90000.0,675000.0,0
100775,Cash loans,M,Y,N,0,112500.0,351000.0,0
100776,Cash loans,F,N,Y,0,225000.0,1096020.0,0
100778,Cash loans,M,Y,Y,0,202500.0,1006920.0,0
100779,Cash loans,F,N,Y,0,135000.0,1125000.0,0
100780,Cash loans,F,N,N,0,112500.0,679500.0,0
100781,Cash loans,M,Y,Y,0,405000.0,1327648.5,0
100782,Cash loans,M,N,N,0,225000.0,1017000.0,0
100783,Revolving loans,M,N,Y,0,135000.0,180000.0,0
100784,Cash loans,F,N,Y,0,54000.0,1885500.0,1
100785,Cash loans,F,Y,N,0,67500.0,293535.0,0
100786,Cash loans,F,N,N,0,270000.0,265851.0,0
100787,Cash loans,M,Y,N,0,270000.0,675000.0,0
100788,Cash loans,F,N,N,0,112500.0,450000.0,0
100789,Cash loans,F,N,Y,0,112500.0,813195.0,0
100790,Cash loans,M,Y,N,0,157500.0,339948.0,0
100793,Cash loans,F,N,Y,0,126000.0,808650.0,0
100794,Cash loans,F,N,Y,0,49500.0,431280.0,0
100795,Cash loans,M,Y,Y,1,180000.0,963000.0,0
100796,Cash loans,F,N,Y,0,405000.0,413235.0,1
100798,Cash loans,M,N,Y,0,81000.0,454500.0,0
100799,Cash loans,F,Y,Y,0,103500.0,886090.5,0
100800,Cash loans,F,N,Y,0,126000.0,698517.0,0
100801,Cash loans,F,N,Y,0,112500.0,223884.0,0
100802,Cash loans,F,N,Y,0,76500.0,499261.5,0
100803,Cash loans,F,N,Y,0,135000.0,679500.0,0
100804,Cash loans,F,N,Y,2,157500.0,407727.0,0
100805,Cash loans,M,Y,N,0,270000.0,1098000.0,0
100806,Cash loans,F,N,Y,0,247500.0,654498.0,0
100807,Cash loans,M,Y,Y,2,180000.0,675000.0,0
100808,Cash loans,F,N,Y,2,135000.0,640080.0,1
100809,Cash loans,F,N,Y,0,112500.0,95940.0,0
100810,Revolving loans,M,Y,Y,2,540000.0,900000.0,0
100811,Cash loans,M,N,N,0,180000.0,1649646.0,0
100812,Cash loans,F,N,Y,1,270000.0,274779.0,0
100813,Cash loans,F,N,N,0,135000.0,635962.5,0
100814,Cash loans,F,N,Y,0,126000.0,942300.0,0
100815,Cash loans,M,Y,Y,0,112500.0,225000.0,0
100816,Cash loans,F,N,Y,0,157500.0,88884.0,1
100817,Cash loans,F,N,N,0,67500.0,364032.0,0
100818,Cash loans,M,N,Y,0,225000.0,900000.0,0
100819,Cash loans,F,N,N,0,279000.0,1520253.0,0
100820,Cash loans,M,N,Y,1,157500.0,808650.0,0
100821,Cash loans,F,N,N,0,180000.0,1468719.0,0
100822,Cash loans,M,N,Y,1,225000.0,616923.0,0
100824,Revolving loans,F,N,Y,0,112500.0,270000.0,0
100825,Cash loans,F,N,Y,0,225000.0,500211.0,0
100827,Cash loans,F,N,N,0,117000.0,225000.0,0
100828,Cash loans,F,N,Y,0,153000.0,450000.0,0
100829,Cash loans,F,N,N,0,90000.0,253737.0,0
100831,Cash loans,F,Y,Y,2,67500.0,497520.0,0
100832,Cash loans,F,N,Y,1,90000.0,131922.0,0
100833,Cash loans,F,N,Y,0,121500.0,723996.0,0
100834,Cash loans,M,N,Y,2,202500.0,485640.0,0
100835,Cash loans,M,Y,Y,0,337500.0,267102.0,0
100837,Revolving loans,F,N,Y,2,45000.0,135000.0,0
100838,Cash loans,F,N,N,0,81000.0,229500.0,0
100839,Cash loans,M,N,N,0,180000.0,824823.0,1
100840,Cash loans,M,Y,Y,0,135000.0,450000.0,1
100841,Cash loans,F,N,N,0,225000.0,835380.0,0
100842,Cash loans,M,Y,Y,1,247500.0,1087474.5,0
100843,Cash loans,F,N,N,0,117000.0,1078200.0,0
100844,Cash loans,M,N,Y,2,180000.0,942300.0,0
100845,Cash loans,M,N,Y,1,67500.0,439074.0,0
100846,Cash loans,F,N,N,0,58500.0,888840.0,0
100847,Cash loans,M,Y,Y,0,112500.0,90000.0,0
100848,Cash loans,M,Y,Y,0,157500.0,531706.5,0
100849,Cash loans,F,N,Y,0,225000.0,755190.0,0
100850,Cash loans,M,N,N,0,342000.0,585000.0,0
100851,Revolving loans,M,Y,Y,0,67500.0,180000.0,0
100852,Cash loans,M,Y,Y,0,157500.0,1190340.0,0
100853,Cash loans,F,N,Y,2,117000.0,276277.5,0
100854,Cash loans,M,N,N,1,202500.0,485640.0,0
100855,Cash loans,M,Y,N,0,270000.0,770292.0,0
100856,Cash loans,F,N,Y,0,112500.0,364896.0,0
100857,Cash loans,F,N,Y,0,49500.0,153504.0,0
100858,Cash loans,M,Y,Y,2,270000.0,1467612.0,0
100859,Cash loans,F,N,Y,0,270000.0,1225224.0,0
100860,Cash loans,M,N,Y,1,180000.0,711747.0,0
100861,Cash loans,M,N,N,0,306000.0,2085120.0,0
100862,Cash loans,M,Y,Y,0,180000.0,957033.0,0
100863,Cash loans,F,N,Y,0,135000.0,253737.0,0
100864,Cash loans,F,N,Y,0,135000.0,573628.5,0
100865,Cash loans,F,Y,Y,2,112500.0,573628.5,0
100866,Cash loans,F,N,Y,0,225000.0,398016.0,0
100867,Cash loans,F,Y,Y,0,180000.0,239850.0,0
100868,Cash loans,F,N,N,0,112500.0,450000.0,0
100869,Cash loans,F,N,N,0,90000.0,242950.5,0
100870,Cash loans,F,N,Y,0,90000.0,203760.0,0
100871,Cash loans,M,N,Y,0,90288.0,405000.0,0
100873,Cash loans,F,N,Y,0,360000.0,1030500.0,0
100874,Cash loans,F,N,Y,0,225000.0,582768.0,0
100875,Cash loans,F,N,Y,1,126000.0,260640.0,0
100876,Cash loans,F,Y,Y,1,139500.0,317178.0,0
100877,Cash loans,F,N,Y,0,90000.0,238896.0,0
100878,Cash loans,F,N,Y,1,247500.0,835380.0,0
100879,Cash loans,F,Y,Y,0,450000.0,1323000.0,1
100880,Cash loans,F,N,N,0,67500.0,143910.0,0
100881,Revolving loans,M,N,N,0,243000.0,180000.0,0
100882,Cash loans,F,N,Y,0,213750.0,765000.0,0
100883,Cash loans,F,Y,N,2,112500.0,117162.0,0
100884,Cash loans,F,N,Y,0,157500.0,327024.0,0
100885,Cash loans,F,N,N,0,157500.0,557770.5,0
100886,Cash loans,F,Y,Y,0,315000.0,697500.0,0
100887,Cash loans,F,N,Y,0,67500.0,157914.0,0
100888,Cash loans,F,Y,N,0,135000.0,900000.0,0
100889,Revolving loans,F,Y,Y,0,450000.0,855000.0,0
100890,Cash loans,F,N,Y,0,157500.0,553806.0,0
100891,Cash loans,F,N,N,0,67500.0,203760.0,0
100892,Cash loans,M,N,Y,0,315000.0,312682.5,0
100893,Cash loans,F,N,Y,0,90000.0,701730.0,0
100894,Cash loans,F,N,N,2,214650.0,1442952.0,0
100895,Cash loans,F,N,N,0,135000.0,675000.0,0
100896,Cash loans,F,N,N,0,112500.0,1006920.0,1
100897,Cash loans,M,N,Y,0,135000.0,550980.0,0
100898,Cash loans,F,N,Y,0,112500.0,497520.0,0
100899,Cash loans,F,N,N,1,67500.0,225000.0,0
100900,Cash loans,F,N,Y,0,67500.0,103855.5,0
100901,Cash loans,F,N,Y,1,81000.0,76500.0,0
100902,Cash loans,F,N,Y,0,117000.0,770292.0,1
100903,Cash loans,F,N,Y,1,135000.0,574785.0,0
100904,Cash loans,F,N,Y,1,45000.0,348264.0,0
100905,Revolving loans,F,N,Y,0,252000.0,180000.0,0
100906,Cash loans,F,N,N,0,337500.0,814041.0,0
100907,Cash loans,F,Y,N,2,81000.0,490536.0,0
100908,Cash loans,F,N,Y,0,225000.0,781920.0,0
100909,Cash loans,F,N,Y,0,135000.0,229500.0,0
100911,Revolving loans,M,N,N,0,360000.0,270000.0,0
100912,Cash loans,M,N,Y,2,225000.0,254700.0,0
100914,Cash loans,M,Y,Y,0,337500.0,900000.0,0
100915,Cash loans,F,N,Y,1,63000.0,284400.0,0
100916,Cash loans,F,N,Y,1,180000.0,403330.5,0
100917,Cash loans,F,N,Y,0,108000.0,760225.5,0
100919,Cash loans,F,N,N,0,48600.0,229500.0,0
100920,Cash loans,M,Y,Y,3,112500.0,832500.0,0
100921,Cash loans,F,N,N,0,112500.0,675000.0,0
100922,Cash loans,F,N,Y,0,90000.0,238500.0,0
100923,Cash loans,F,Y,Y,2,270000.0,284256.0,0
100924,Cash loans,M,N,Y,0,202500.0,1317357.0,0
100925,Cash loans,F,N,N,0,99000.0,1288350.0,0
100926,Cash loans,F,N,N,0,90000.0,364896.0,0
100927,Cash loans,F,N,Y,0,135000.0,1350000.0,0
100928,Cash loans,M,Y,Y,1,112500.0,95940.0,0
100929,Cash loans,F,N,Y,0,81000.0,517500.0,0
100930,Cash loans,F,N,Y,2,135000.0,607050.0,0
100932,Cash loans,F,N,Y,0,202500.0,675000.0,0
100933,Cash loans,F,Y,Y,0,112500.0,162000.0,0
100934,Revolving loans,F,N,Y,1,135000.0,180000.0,0
100935,Cash loans,M,Y,Y,0,225000.0,644427.0,0
100936,Cash loans,F,N,Y,0,76500.0,390960.0,1
100937,Cash loans,M,Y,Y,0,270000.0,450000.0,0
100938,Cash loans,M,Y,N,0,112500.0,178213.5,0
100939,Cash loans,F,N,N,0,67500.0,673875.0,0
100940,Cash loans,F,Y,N,0,54000.0,101880.0,0
100941,Cash loans,F,N,Y,0,180000.0,508495.5,0
100942,Cash loans,F,N,Y,0,261000.0,503676.0,0
100943,Cash loans,F,N,N,0,135000.0,189621.0,0
100944,Cash loans,M,N,N,1,189000.0,1054935.0,0
100945,Cash loans,F,N,Y,0,202500.0,1210500.0,1
100946,Cash loans,M,N,N,0,112500.0,808650.0,0
100947,Cash loans,M,Y,Y,0,153000.0,380533.5,0
100948,Cash loans,M,Y,Y,0,112500.0,337500.0,0
100949,Cash loans,F,N,Y,1,315000.0,657886.5,0
100950,Cash loans,F,N,N,0,157500.0,225000.0,0
100951,Cash loans,M,N,Y,0,112500.0,224136.0,0
100954,Revolving loans,F,N,Y,0,382500.0,585000.0,0
100955,Cash loans,F,N,Y,0,112500.0,101880.0,0
100956,Cash loans,F,N,Y,0,157500.0,587623.5,0
100957,Cash loans,F,Y,Y,0,315000.0,927571.5,0
100958,Cash loans,F,Y,Y,1,135000.0,533668.5,0
100959,Cash loans,F,Y,Y,2,90000.0,225000.0,0
100960,Cash loans,F,N,Y,0,135000.0,343800.0,0
100961,Cash loans,M,N,Y,0,81000.0,360000.0,0
100962,Cash loans,F,Y,N,1,135000.0,787131.0,0
100963,Cash loans,F,N,Y,0,112500.0,1002456.0,1
100964,Cash loans,F,N,Y,0,112500.0,327024.0,0
100966,Cash loans,F,N,Y,1,63000.0,47970.0,0
100967,Cash loans,M,Y,Y,0,283500.0,1149210.0,0
100968,Cash loans,F,Y,Y,1,90000.0,1035832.5,0
100969,Cash loans,F,N,Y,0,216000.0,485640.0,0
100971,Cash loans,F,Y,N,1,180000.0,948582.0,1
100972,Cash loans,F,N,Y,0,202500.0,1264428.0,0
100973,Cash loans,F,N,Y,0,202500.0,970380.0,0
100974,Cash loans,F,N,N,0,135000.0,219042.0,0
100975,Revolving loans,F,Y,Y,1,157500.0,225000.0,0
100976,Cash loans,F,Y,Y,0,126000.0,1008117.0,0
100977,Cash loans,F,Y,Y,0,90000.0,900000.0,0
100978,Cash loans,F,Y,N,0,67500.0,508495.5,0
100979,Revolving loans,F,N,Y,0,157500.0,450000.0,0
100980,Cash loans,F,N,Y,1,81000.0,81000.0,0
100981,Cash loans,F,N,N,0,67500.0,312768.0,0
100985,Cash loans,M,Y,Y,1,225000.0,1574532.0,0
100986,Cash loans,M,Y,Y,0,180000.0,640080.0,0
100988,Cash loans,M,Y,Y,0,180000.0,1350000.0,0
100989,Cash loans,F,Y,Y,1,112500.0,143910.0,0
100990,Cash loans,M,N,Y,2,157500.0,862560.0,0
100991,Cash loans,M,N,Y,1,117000.0,474048.0,0
100992,Cash loans,M,N,N,2,135000.0,203760.0,1
100993,Cash loans,F,N,Y,1,67500.0,765000.0,0
100994,Cash loans,F,N,N,0,112500.0,888840.0,0
100995,Cash loans,F,Y,N,2,157500.0,450000.0,0
100996,Cash loans,F,N,N,1,94500.0,675000.0,1
100999,Cash loans,M,Y,N,0,450000.0,2125953.0,0
101000,Cash loans,M,N,Y,1,157500.0,592560.0,0
101001,Cash loans,F,N,N,2,157500.0,1024740.0,0
101003,Cash loans,M,Y,Y,0,247500.0,407745.0,0
101004,Cash loans,F,Y,Y,1,112500.0,1215000.0,0
101006,Revolving loans,F,N,N,0,180000.0,540000.0,0
101007,Cash loans,F,Y,N,0,202500.0,728460.0,0
101009,Cash loans,F,N,Y,0,90000.0,239850.0,0
101010,Cash loans,F,N,N,0,67500.0,381528.0,0
101011,Cash loans,F,N,Y,0,112500.0,900000.0,0
101012,Cash loans,F,N,N,0,112500.0,755190.0,0
101013,Cash loans,M,Y,Y,1,202500.0,518562.0,0
101014,Cash loans,F,Y,N,0,225000.0,1002870.0,0
101015,Cash loans,F,N,Y,1,121500.0,755190.0,0
101016,Cash loans,M,Y,Y,0,315000.0,1546020.0,0
101017,Revolving loans,F,Y,Y,0,135000.0,135000.0,0
101018,Cash loans,M,Y,Y,0,238500.0,834048.0,0
101019,Cash loans,F,N,Y,0,382500.0,720000.0,0
101022,Cash loans,F,N,Y,0,112500.0,675000.0,0
101023,Cash loans,M,Y,Y,0,180000.0,640080.0,0
101027,Cash loans,M,Y,Y,0,135000.0,545040.0,0
101028,Cash loans,F,N,Y,1,112500.0,886500.0,0
101029,Revolving loans,M,Y,Y,0,315000.0,675000.0,0
101030,Cash loans,F,Y,Y,0,67500.0,900000.0,0
101032,Cash loans,F,N,Y,0,195750.0,704844.0,0
101033,Cash loans,F,N,Y,0,99000.0,942300.0,0
101034,Cash loans,F,Y,Y,1,112500.0,664299.0,0
101035,Cash loans,F,N,N,0,67500.0,90000.0,0
101036,Cash loans,M,N,Y,0,225000.0,474048.0,0
101037,Cash loans,F,N,N,0,247500.0,747000.0,0
101038,Cash loans,M,Y,Y,0,180000.0,675000.0,0
101039,Cash loans,F,Y,Y,0,315000.0,1024740.0,0
101040,Cash loans,M,Y,Y,1,157500.0,635962.5,0
101042,Cash loans,F,N,Y,1,81000.0,521280.0,1
101043,Cash loans,F,N,Y,0,94500.0,74182.5,0
101044,Cash loans,F,N,Y,1,157500.0,1097676.0,0
101045,Revolving loans,F,Y,N,0,67500.0,180000.0,0
101046,Revolving loans,F,N,Y,0,112500.0,337500.0,0
101047,Cash loans,F,Y,Y,0,94500.0,284400.0,0
101048,Cash loans,M,Y,N,0,202500.0,1029681.0,0
101049,Cash loans,M,Y,Y,0,99000.0,104256.0,0
101050,Cash loans,F,N,Y,0,157500.0,1185282.0,0
101052,Revolving loans,F,N,Y,0,135000.0,180000.0,0
101053,Cash loans,F,N,N,0,135000.0,254700.0,0
101054,Cash loans,F,N,Y,0,112500.0,454500.0,0
101058,Cash loans,F,N,N,2,90000.0,900000.0,0
101059,Cash loans,M,Y,Y,0,225000.0,454500.0,0
101060,Cash loans,M,N,N,0,270000.0,1546020.0,0
101061,Cash loans,F,N,Y,0,162000.0,284400.0,0
101062,Cash loans,F,Y,Y,1,135000.0,206271.0,0
101063,Cash loans,M,Y,N,2,202500.0,755190.0,1
101065,Cash loans,M,Y,N,0,121500.0,370629.0,0
101066,Cash loans,F,N,N,1,112500.0,405000.0,0
101067,Cash loans,F,Y,Y,0,225000.0,450000.0,0
101068,Cash loans,F,Y,Y,2,67500.0,900000.0,0
101069,Cash loans,M,Y,Y,0,225000.0,679500.0,0
101070,Cash loans,M,Y,Y,0,157500.0,1125000.0,0
101071,Cash loans,M,Y,Y,0,135000.0,414792.0,0
101072,Cash loans,F,N,Y,0,180000.0,945000.0,0
101073,Cash loans,F,Y,N,0,540000.0,485640.0,1
101074,Cash loans,M,Y,Y,0,173250.0,765261.0,0
101075,Cash loans,F,N,Y,0,121500.0,533668.5,0
101076,Cash loans,F,N,Y,0,126000.0,324216.0,1
101077,Cash loans,M,Y,Y,0,202500.0,720000.0,0
101078,Cash loans,F,N,N,1,90000.0,225000.0,0
101080,Cash loans,F,N,N,0,90000.0,207396.0,0
101081,Cash loans,M,N,Y,0,117000.0,1061599.5,0
101082,Cash loans,F,N,Y,1,270000.0,545040.0,0
101083,Cash loans,F,N,N,0,117000.0,450000.0,0
101084,Cash loans,M,Y,Y,1,157500.0,531706.5,0
101085,Cash loans,F,Y,Y,0,182250.0,900000.0,0
101086,Cash loans,M,Y,N,0,135000.0,225000.0,0
101088,Cash loans,F,N,N,0,166500.0,225000.0,0
101089,Cash loans,F,N,N,0,157500.0,562500.0,0
101091,Cash loans,M,N,N,0,157500.0,1024740.0,0
101093,Cash loans,F,N,Y,0,166500.0,152820.0,1
101094,Cash loans,F,N,Y,0,112500.0,819432.0,0
101095,Cash loans,F,N,N,0,67500.0,450000.0,0
101096,Cash loans,M,N,Y,0,112500.0,550980.0,1
101098,Cash loans,F,Y,N,1,180000.0,1096020.0,0
101100,Cash loans,F,N,N,0,135000.0,315000.0,0
101101,Revolving loans,M,N,Y,0,247500.0,270000.0,0
101102,Cash loans,F,N,Y,2,90000.0,500211.0,0
101103,Cash loans,F,N,N,0,193500.0,715095.0,0
101104,Cash loans,F,N,Y,0,124200.0,538704.0,0
101105,Cash loans,F,N,Y,0,112500.0,157500.0,0
101106,Cash loans,M,N,Y,0,157500.0,824242.5,0
101108,Cash loans,M,N,Y,0,180000.0,450000.0,0
101109,Cash loans,M,Y,N,0,135000.0,781920.0,0
101110,Cash loans,F,Y,N,2,135000.0,755190.0,0
101111,Cash loans,F,Y,Y,0,225000.0,854896.5,0
101112,Cash loans,F,N,Y,0,202500.0,247500.0,0
101113,Cash loans,F,N,Y,0,400500.0,1125000.0,0
101114,Cash loans,F,Y,Y,0,360000.0,754740.0,0
101115,Cash loans,M,Y,Y,1,202500.0,266652.0,0
101116,Cash loans,F,Y,Y,0,135000.0,352044.0,0
101117,Cash loans,F,N,N,0,144000.0,585000.0,0
101119,Cash loans,M,Y,Y,1,202500.0,350581.5,0
101120,Revolving loans,M,N,Y,0,225000.0,270000.0,0
101121,Cash loans,M,N,Y,2,180000.0,436032.0,1
101122,Cash loans,F,N,N,1,90000.0,640458.0,0
101123,Cash loans,F,Y,Y,0,54000.0,188685.0,0
101124,Cash loans,F,N,N,0,103500.0,848745.0,0
101127,Cash loans,M,Y,N,0,211500.0,835380.0,1
101129,Cash loans,F,Y,Y,0,207000.0,1006920.0,0
101130,Cash loans,F,Y,Y,0,67500.0,203760.0,0
101131,Cash loans,M,N,Y,0,112500.0,350676.0,0
101132,Revolving loans,F,N,Y,1,157500.0,135000.0,0
101133,Cash loans,F,N,Y,0,90000.0,284400.0,0
101134,Cash loans,F,Y,N,0,135000.0,450000.0,0
101135,Cash loans,F,Y,Y,1,135000.0,299772.0,0
101137,Cash loans,M,N,Y,0,123300.0,497520.0,0
101138,Cash loans,F,N,Y,0,202500.0,640080.0,0
101139,Cash loans,F,Y,Y,1,112500.0,679500.0,0
101141,Cash loans,F,N,N,2,139500.0,135000.0,0
101142,Cash loans,F,N,Y,2,135000.0,312768.0,1
101143,Cash loans,F,N,Y,1,112500.0,1006920.0,0
101144,Cash loans,F,N,N,0,90000.0,263686.5,0
101145,Cash loans,M,Y,N,2,315000.0,840951.0,0
101146,Cash loans,M,N,Y,0,38700.0,143910.0,0
101147,Cash loans,M,N,Y,2,315000.0,1165500.0,1
101148,Cash loans,F,Y,N,1,135000.0,490536.0,0
101150,Cash loans,M,Y,Y,0,112500.0,835380.0,0
101151,Cash loans,F,N,N,0,90000.0,760225.5,0
101152,Cash loans,F,N,N,0,112500.0,495985.5,0
101153,Cash loans,F,N,Y,0,225000.0,1113840.0,0
101154,Cash loans,F,Y,Y,0,144000.0,517536.0,0
101155,Cash loans,M,N,Y,0,315000.0,1288350.0,0
101156,Cash loans,M,Y,Y,2,180000.0,679500.0,0
